{
  "total_pairs": 111,
  "psnr_mean": 39.94951148505683,
  "psnr_std": 1.7731491977823854,
  "ssim_mean": 0.9821019064925275,
  "ssim_std": 0.0052680251143675,
  "lpips_mean": 0.0037502746878040802,
  "lpips_std": 0.0004923034606389875,
  "nmi_mean": 0.6943781177133806,
  "nmi_std": 0.010719879659036015
}