{
  "total_pairs": 111,
  "psnr_mean": 36.99115254857519,
  "psnr_std": 1.5547373553069586,
  "ssim_mean": 0.9768955200549462,
  "ssim_std": 0.007294393759347287,
  "lpips_mean": 0.006833898977519156,
  "lpips_std": 0.001127094511973078,
  "nmi_mean": 0.6641375354714032,
  "nmi_std": 0.011606946487555754
}